company_country,funding_size_usd,company_founded,company_name,series,date
SWE,20000000,2006-07-01,Rebtel,a,2006-09-01
FIN,8200000,1999-02-01,Habbo,a,2006-07-01
SWE,3000000,2006-01-01,TestFreaks,b,2008-08-01
SWE,2800000,2006-01-01,TestFreaks,a,2007-05-01
SWE,5100000,2004-11-01,Polar Rose,a,2006-11-01
EST,670512,2007-01-01,United Dogs and Cats,a,2009-06-11
EST,270776,2007-01-01,United Dogs and Cats,,2008-04-16
FIN,1000000,,Comeks,,2007-05-03
FIN,21761700,2006-01-01,Blyk,,2010-09-13
FIN,50612000,2006-01-01,Blyk,c,2008-11-18
FIN,,2006-01-01,Blyk,b,2008-01-30
FIN,35391000,2006-01-01,Blyk,a,2006-01-01
SWE,1350500,2006-01-01,Twingly,,2007-07-01
NOR,1500000,2007-01-01,Secondbrain,,2007-01-01
SWE,7267800,2001-09-10,Appear,b,2006-01-12
NOR,13168035,1995-01-01,Opera Software,,2013-04-05
SWE,41095600,2001-08-01,PacketFront,,2008-07-02
FIN,1300000,2006-07-01,WOT Services Ltd.,a,2012-11-27
FIN,,2006-07-01,WOT Services Ltd.,,2009-02-15
SWE,,2005-01-01,alaTest,,2006-12-01
EST,131350,2006-03-15,Nagi,,2007-03-07
FIN,,2006-11-21,Muxlim,,2007-09-12
SWE,,2006-07-14,Spotify,,2012-01-01
SWE,250000000,2006-07-14,Spotify,f,2013-11-21
SWE,100000000,2006-07-14,Spotify,e,2012-11-15
SWE,100000000,2006-07-14,Spotify,d,2011-06-17
SWE,16139080,2006-07-14,Spotify,c,2010-02-01
SWE,50000000,2006-07-14,Spotify,b,2009-08-04
SWE,21640000,2006-07-14,Spotify,a,2008-10-01
SWE,68480,2006-03-16,Tablefinder,,2007-09-07
SWE,293411,2006-03-16,Tablefinder,,2006-11-01
SWE,144828,2006-03-16,Tablefinder,,2006-03-16
SWE,,2007-01-01,Nordic River,,2010-11-08
SWE,1500000,2007-01-01,Nordic River,,2009-01-01
FIN,5479600,2001-01-01,Xtract,a,2008-05-28
SWE,31490,2006-01-01,Shopit,,2008-10-24
SWE,,2006-01-01,Jalbum,b,2008-10-16
SWE,6000000,2004-04-22,Stardoll,b,2006-06-27
SWE,4000000,2004-04-22,Stardoll,a,2006-02-01
SWE,,2007-05-01,Bambuser,,2013-06-20
SWE,2500000,2007-05-01,Bambuser,,2008-08-01
SWE,3340000,2001-11-11,Xcerion,b,2011-03-28
SWE,12000000,2001-11-11,Xcerion,a,2006-11-30
NOR,1000000,2005-11-01,adicate timeads,b,2007-12-01
NOR,1500000,2005-11-01,adicate timeads,a,2007-06-01
NOR,400000,2005-11-01,adicate timeads,,2005-11-01
FIN,1613875,2006-11-30,HammerKit,,2012-01-19
SWE,5000000,2009-03-01,Burt,A,2012-10-17
SWE,3000000,2009-03-01,Burt,,2011-06-30
SWE,500000,2009-03-01,Burt,,2009-05-01
SWE,7385500,2006-01-01,NYX Interactive,,2008-08-28
NOR,20000,2007-06-01,Cignis,,2007-06-01
SWE,,1996-01-01,JayCut,,2007-01-01
FIN,2524025,2001-01-01,Apaja,a,2007-11-01
FIN,,2006-01-01,Ironstar Helsinki,,2009-02-24
EST,3000000,2007-09-07,ZeroTurnaround,,2014-03-04
EST,3000000,2007-09-07,ZeroTurnaround,,2014-01-03
EST,,2007-09-07,ZeroTurnaround,a,2011-07-25
SWE,5400000,2005-01-01,Momail,,2008-01-22
SWE,2907982,2003-01-01,op5,,2006-08-29
LTU,,1995-01-01,HOSTEX,,2007-01-01
SWE,6060000,2004-12-02,Netadmin,,2006-09-20
SWE,6350520,2004-12-02,Netadmin,,2008-08-12
NOR,,,N4G.com,,2008-02-05
SWE,12590000,2004-03-01,Nanoradio,,2010-07-02
SWE,11520000,2004-03-01,Nanoradio,a,2005-05-25
SWE,11510000,2004-03-01,Nanoradio,b,2006-06-19
SWE,17340000,2004-03-01,Nanoradio,,2009-07-08
SWE,27000000,2004-03-01,Nanoradio,c,2007-06-05
SWE,15000000,2001-08-19,Tobii Technology,D,2014-08-14
SWE,21000000,2001-08-19,Tobii Technology,C,2012-03-15
SWE,21779200,2001-08-19,Tobii Technology,b,2009-05-19
SWE,14000000,2001-08-19,Tobii Technology,a,2007-03-26
EST,10000000,2007-10-21,Fortumo,a,2013-02-22
FIN,1110000,2008-11-01,Dodreams,,2009-10-30
SWE,1000000,2004-01-01,Conveneer,,2008-01-01
SWE,292000,2004-01-01,Conveneer,,2007-07-01
SWE,4500000,2004-01-01,Conveneer,a,2009-03-04
FIN,2500000,2009-01-01,Grey Area,a,2011-02-23
FIN,,2009-01-01,Grey Area,,2010-11-01
FIN,2000000,2002-01-01,Conmio,a,2010-01-26
NOR,105790000,,NorSun,,2006-11-07
NOR,94000000,,NorSun,,2009-03-11
NOR,72330000,,NorSun,,2009-03-11
NOR,9000000,2000-07-01,Paymate,b,2008-05-01
NOR,10400000,,Lytix Biopharma,,2009-01-19
FIN,134250,2009-01-08,Videoflow,,2009-04-04
FIN,1500000,2007-01-15,LinkoTec,,2010-02-15
FIN,6000000,2006-06-01,Senseg,b,2014-04-09
FIN,,2006-06-01,Senseg,,2008-05-19
SWE,6160113,2007-01-01,BehavioSec,B,2014-12-08
SWE,1437780,2007-01-01,BehavioSec,A,2011-05-10
SWE,588840,2007-01-01,BehavioSec,,2008-01-01
SWE,565000,,TranSiC,a,2006-11-10
SWE,,,TranSiC,b,2008-06-09
SWE,3500000,2005-01-01,Syntensia,,2008-06-13
SWE,1680000,,Ameibo,,2008-06-17
SWE,,2004-05-01,DermaGen,,2008-04-02
FIN,1557700,2003-01-01,BCB Medical,,2008-05-19
SWE,496000,,Reologica Instruments,,2008-06-01
SWE,331465,2002-01-01,Vocab,,2008-06-12
FIN,2500000,2007-01-01,PlexPress,,2009-05-18
SWE,50000,,Preedo,,2008-04-09
SWE,5020000,1999-01-01,Novavax AB,,2008-06-27
SWE,4500000,2004-01-01,Hexaformer,,2009-05-11
SWE,,2004-11-01,MoSync,a,2009-09-02
SWE,,2004-11-01,MoSync,,2007-01-01
SWE,9110000,2008-03-01,Innotech Solar,,2009-11-30
SWE,9000000,2008-03-01,Innotech Solar,,2009-07-08
SWE,1500000,2008-03-01,Innotech Solar,a,2008-12-18
SWE,40000000,,Albireo,a,2008-02-01
SWE,5700000,2000-01-01,Silex Microsystems,,2006-12-14
SWE,25010000,2000-01-01,Silex Microsystems,,2008-07-10
FIN,382890,,Whitevector,a,2009-02-24
SWE,1450000,2004-01-01,Edgeware,a,2006-01-26
SWE,2330000,2004-01-01,Edgeware,,2006-06-09
SWE,8000000,2004-01-01,Edgeware,b,2009-03-17
FIN,16000000,2000-01-01,Silecs,e,2011-05-18
FIN,7700000,2000-01-01,Silecs,,2006-02-06
FIN,7870000,2000-01-01,Silecs,,2009-01-19
FIN,7670000,,EpiCrystals,,2009-02-16
NOR,12925000,2000-01-01,Colibria,,2007-02-05
NOR,32540000,1999-01-01,Metallkraft AS,a,2008-12-18
LTU,28100000,,UAB FIMA,,2008-09-04
SWE,870000,2004-01-01,Phase Holographic Imaging,,2009-03-24
FIN,1713480,,ScanNano,a,2010-01-19
FIN,631700,,ScanNano,,2009-02-17
SWE,,,ProNoxis,,2009-06-01
SWE,72000,2006-01-01,Nema Labs,,2009-11-20
SWE,2178070,2006-01-01,Nema Labs,,2009-06-23
FIN,4260000,2009-01-01,Aava Mobile,,2009-06-03
NOR,19000000,,poLight,,2015-02-05
NOR,18500000,,poLight,b,2011-07-06
NOR,3430000,,poLight,,2009-05-30
SWE,435000,,Capee group,,2007-09-03
SWE,483000,,Capee group,,2009-02-05
FIN,3100000,2003-01-01,Axel Technologies,b,2009-01-21
SWE,3000000,2006-01-01,Wiral Internet Group,b,2008-10-31
SWE,4290000,1999-01-01,PlayDo,,2008-12-17
FIN,6440000,2005-01-01,Setera Communications,,2008-11-27
SWE,6350000,,PocketMobile,,2008-11-14
SWE,12700000,2003-01-01,Telepo,b,2010-08-26
SWE,5090000,2003-01-01,Telepo,a,2006-09-21
SWE,6200000,2003-01-01,Telepo,,2008-12-16
SWE,4660000,,SafeTool,,2008-08-29
SWE,795854,2006-01-01,Tbricks,A,2008-01-01
SWE,40000000,,Think Global,,2010-05-10
SWE,4000000,,Think Global,b,2008-03-05
SWE,47000000,,Think Global,,2009-08-27
SWE,5700000,,Think Global,,2009-01-13
SWE,,2006-01-01,Predect,,2008-09-24
NOR,8380000,2006-01-01,Energreen,,2008-08-26
SWE,9400000,2007-01-01,Sol Voltaics,,2013-09-17
SWE,6000000,2007-01-01,Sol Voltaics,,2013-06-27
SWE,6301790,2007-01-01,Sol Voltaics,,2011-06-30
SWE,1220000,2007-01-01,Sol Voltaics,a,2008-07-05
SWE,2880000,,Cyrba,,2008-10-01
SWE,8000000,2005-01-01,Voddler,,2011-01-31
SWE,3500000,2005-01-01,Voddler,,2010-02-08
SWE,5070000,2005-01-01,Voddler,,2009-11-17
SWE,404000,2006-02-17,Signicat,,2007-08-15
SWE,1530000,2006-02-17,Signicat,a,2008-10-16
SWE,817326,1993-01-01,Fortnox,,2008-10-15
SWE,697792,1989-01-01,Horse Creek Entertainment,,2008-10-29
SWE,1013190,2004-01-01,LYYN,,2007-05-31
SWE,244000,2006-01-01,ByteActive,,2008-12-02
SWE,,,Penboost,,2008-10-29
SWE,35000,2007-12-01,Streamfile,,2008-06-01
SWE,3180000,2002-01-01,AppGate Network Security,a,2006-03-13
SWE,5626680,,eBuilder,,2009-08-26
SWE,210384730,1995-01-01,Recipharm,,2014-09-19
NOR,67000,2009-09-07,Atbrox,,2010-02-22
SWE,2670000,,Cartela AB,,2006-04-26
SWE,3770000,2003-01-01,PlusFourSix,,2009-08-31
SWE,30000000,2005-09-01,GLO,d,2014-03-17
SWE,25215372,2005-09-01,GLO,c,2010-10-04
SWE,11397060,2005-09-01,GLO,b,2009-09-03
FIN,6617250,,There Corporation,a,2009-09-18
NOR,3460000,2008-01-01,Numascale,,2012-07-23
NOR,4880000,2008-01-01,Numascale,,2009-09-02
SWE,150000,2008-06-01,Saplo,,2012-05-31
SWE,500000,2008-06-01,Saplo,,2010-05-27
SWE,190000,2008-06-01,Saplo,,2009-06-05
SWE,1381363,2008-01-01,PowerCell Sweden,,2014-10-07
SWE,8600000,2008-01-01,PowerCell Sweden,,2009-10-01
SWE,10000000,2005-01-01,Accumulate,,2012-06-25
SWE,2050000,2005-01-01,Accumulate,,2010-02-10
SWE,,2005-01-01,Accumulate,,2008-01-01
SWE,,2005-01-01,Accumulate,a,2009-06-23
FIN,3403750,2006-11-01,Aito Technologies,,2007-08-24
FIN,650000,2009-12-23,Flowdock,,2011-10-01
SWE,300000,2006-01-01,Solarus,,2009-11-10
FIN,4304778,2009-01-01,Jongla,B,2014-10-30
FIN,1801240,2009-01-01,Jongla,a,2013-11-13
FIN,1554480,2009-01-01,Jongla,,2012-09-20
SWE,489703,2007-03-01,Movinto Fun,,2010-10-23
FIN,,2005-01-01,Picodeon,a,2008-10-01
SWE,656000,2000-01-01,Scalado,,2005-08-29
SWE,1037932,2002-01-01,UmBio,,2011-01-25
SWE,150000,2002-01-01,UmBio,,2002-01-01
FIN,800000,2007-01-01,ThirdPresence,,2012-04-13
SWE,5000000,2002-01-01,ADMETA,a,2008-01-01
FIN,2752400,2002-01-01,Vilant Systems,a,2011-02-25
FIN,2388400,2008-01-01,Zokem,,2010-06-08
NOR,7000000,,SantoSolve,,2007-11-07
NOR,5500000,,SantoSolve,c,2010-01-31
NOR,49682,2009-01-01,Sjapper,,2013-03-01
NOR,35841,2009-01-01,Sjapper,,2010-01-01
FIN,,2009-02-01,Microtask,,2010-08-24
SWE,3693500,,Medius,,2009-12-08
SWE,18150000,,Norstel,,2005-02-15
SWE,23656500,,Norstel,,2008-03-18
FIN,5120000,2000-01-01,Forte Netservices,,2008-02-06
NOR,744000,,Arctic Silicon Devices,,2007-10-19
NOR,4550000,,Arctic Silicon Devices,b,2008-01-28
FIN,,1992-01-01,Profit Software,,2014-09-30
SWE,1400000,,Microdata Telecom Innovation,,2009-12-21
NOR,3360000,,Opax,b,2008-03-28
NOR,1120000,2006-01-01,Active DSP,,2008-01-03
NOR,754000,2004-01-01,Wireless Safety,,2008-01-10
FIN,7800000,2003-09-01,Sanako,,2008-01-07
SWE,307000,2006-01-01,AnSyn,,2008-02-07
SWE,47000,2007-01-01,Manifact,,2008-02-01
NOR,3150000,,Momentum Energy,,2008-03-10
FIN,5200000,2009-01-01,Rightware Oy,b,2013-05-14
FIN,4291200,2009-01-01,Rightware Oy,a,2010-01-07
NOR,20000000,2008-01-01,Guvera,c,2010-01-18
NOR,5000000,2008-01-01,Guvera,b,2009-01-01
NOR,5000000,2008-01-01,Guvera,a,2009-01-01
SWE,10000000,2007-01-01,FlatFrog Laboratories,,2014-01-07
SWE,25408000,2007-01-01,FlatFrog Laboratories,,2012-06-20
SWE,18000000,2007-01-01,FlatFrog Laboratories,,2010-01-20
SWE,,,Eribis Pharmaceuticals,,2010-01-26
SWE,354000,,Localize Direct,,2011-04-01
SWE,354000,,Localize Direct,,2010-01-26
FIN,,,SongHi Entertainment,,2010-01-28
SWE,130295,2008-12-17,RunAlong,,2008-12-17
FIN,,2012-01-01,Sumoing,,2012-03-01
LTU,200000,2006-11-27,ActiveSec,b,2010-03-01
LTU,150000,2006-11-27,ActiveSec,a,2009-02-01
LTU,140000,2006-11-27,ActiveSec,,2007-03-01
SWE,,2008-01-01,Kaskado,,2009-10-01
FIN,2035650,2007-05-18,RapidBlue Solutions,,2011-01-24
NOR,4409460,1999-01-01,eZ Systems,c,2011-01-02
NOR,5000000,1999-01-01,eZ Systems,,2007-04-03
SWE,11770200,1998-01-01,Cint,b,2010-09-16
SWE,3670750,1998-01-01,Cint,a,2007-11-09
SWE,3145714,,Diino Systems,,2007-07-31
SWE,5000000,2005-01-01,Apica,c,2012-07-02
SWE,2000000,2005-01-01,Apica,b,2011-07-14
SWE,2350701,2005-01-01,Apica,,2011-06-29
SWE,1198574,2005-01-01,Apica,,2010-08-25
SWE,730887,2005-01-01,Apica,,2007-05-28
SWE,,,Munax,,2007-04-23
NOR,363000,1999-01-01,e-channel,,2007-03-29
SWE,8000000,2001-01-01,Power Challenge Sweden,a,2007-05-14
SWE,10521261,,OxThera,,2014-04-16
SWE,20908870,,OxThera,,2005-07-11
SWE,21894082,,OxThera,,2007-06-29
SWE,28499283,,Affibody,,2007-03-30
NOR,2500000,,Xenome,,2005-04-06
NOR,10000000,,Xenome,,2010-04-22
NOR,10000000,,Xenome,,2007-11-27
SWE,7443779,,Alligator Bioscience,,2007-05-29
SWE,3000000,2001-01-01,Mitrionics,a,2005-03-31
SWE,6000000,2001-01-01,Mitrionics,c,2007-05-15
SWE,3800204,,Denator,f,2012-04-04
SWE,1700000,,Denator,d,2011-01-10
SWE,664000,,Denator,a,2006-04-20
SWE,2160000,,Denator,b,2007-02-01
LTU,25000000,2010-01-01,Game Insight,A,2013-02-05
NOR,13000000,2007-11-01,Energy Micro,,2010-03-18
SWE,3800000,2003-01-01,Movimento Group,a,2006-02-21
SWE,5600000,2003-01-01,Movimento Group,b,2007-06-14
SWE,216000,2006-01-01,Bioservo Technologies,,2007-08-22
SWE,115794000,2005-02-11,Klarna,,2014-03-14
SWE,,2005-02-11,Klarna,,2012-01-01
SWE,155000000,2005-02-11,Klarna,c,2011-12-09
SWE,9000000,2005-02-11,Klarna,b,2010-05-04
SWE,2200000,2005-02-11,Klarna,a,2007-12-01
SWE,80000,2005-02-11,Klarna,,2005-01-01
EST,,2000-01-01,Clifton,,2013-07-02
EST,2000000,2000-01-01,Clifton,a,2006-03-27
SWE,3890000,2004-01-01,Signal Processing Devices Sweden,a,2007-02-14
SWE,15000000,2000-01-01,Operax,c,2006-09-21
EST,1320000,,Rate Solutions,,2006-12-27
SWE,2860000,2001-01-01,ComActivity,,2007-05-15
NOR,5000000,1983-01-01,Siving Egil Kvaleberg,b,2011-01-25
NOR,2700000,1983-01-01,Siving Egil Kvaleberg,a,2007-06-06
NOR,2610000,1997-01-01,Exie,,2007-05-01
NOR,610000,2005-05-26,Searchdaimon,c,2008-02-18
NOR,159000,2005-05-26,Searchdaimon,b,2006-08-14
SWE,2070000,1999-01-01,Nanofactory Instruments,a,2008-11-14
SWE,9992646,,BONESUPPORT,,2012-06-19
SWE,18608183,,BONESUPPORT,,2011-06-23
SWE,1938503,,BONESUPPORT,,2006-02-10
SWE,19535601,,BONESUPPORT,,2006-11-24
NOR,3490000,2001-01-01,Paradial,a,2006-07-24
SWE,2590000,1997-01-01,Ascade,,2006-04-20
NOR,2490000,2002-01-01,M_SOLUTION,,2006-10-23
SWE,1270000,2004-01-01,Accedo,a,2007-06-19
SWE,311527,2008-05-05,Shootitlive,,2011-02-02
FIN,6013920,,FIT Biotech,,2006-06-29
SWE,,,Cambio+ Healthcare Systems,,2006-03-17
SWE,3845100,,Celltrix,,2006-05-16
SWE,3438286,,Ludesi,,2006-09-20
FIN,192660,2010-01-01,GigsWiz,,2010-07-20
FIN,1310000,,ASAN Security Technologies,,2006-02-15
SWE,2077120,2010-03-01,Flattr,,2012-02-16
FIN,654000,,Aspida,,2006-12-15
SWE,602000,,Efield,,2006-04-26
SWE,408000,,Alandia Communication Systems,,2006-09-07
NOR,796000,2006-01-01,Secustream Technologies,a,2007-03-01
NOR,738000,2005-01-01,WindSim,,2007-11-21
FIN,5500000,,Oncos Therapeutics,c,2010-04-30
SWE,299000,,Mindmancer,,2010-07-01
SWE,551000,,Mindmancer,,2007-11-29
SWE,427000,,Sensible Solutions Sweden,,2007-01-19
SWE,398000,2001-01-01,Innobits,,2007-11-23
FIN,260000,2004-01-01,Quosis,,2007-01-09
SWE,224000,2004-01-01,Mobile Sorcery,a,2007-04-30
FIN,169000,2006-01-01,Virtual Air Guitar Company,,2007-10-23
SWE,63000,,exoro system,,2007-10-30
FIN,3902664,,East Interactive,A,2014-12-11
SWE,438000,2005-01-01,QuNano,,2005-10-11
SWE,6100000,2005-01-01,QuNano,a,2006-05-19
SWE,4780000,,Transmode Systems,,2006-02-23
SWE,2258720,,42Networks,b,2006-02-13
FIN,2660000,2004-01-01,Iqua,b,2006-12-07
FIN,3060000,2004-01-01,Iqua,a,2006-01-25
SWE,2580000,,21GRAMS,,2006-04-03
SWE,1801500,2004-01-01,Coresonic,,2010-06-09
NOR,35000000,,OptiNose,C,2014-08-05
NOR,48500000,,OptiNose,C,2010-06-07
FIN,193000,2010-01-01,Magnasense,,2006-05-30
EST,123000,,Evikon MCI,,2006-07-11
NOR,500000,2008-11-08,Yast,a,2010-06-24
NOR,40000,2008-11-08,Yast,,2010-01-10
NOR,150000,2008-11-08,Yast,,2008-05-14
LTU,,2009-08-01,Salonium,,2010-11-01
SWE,9540000,,Cellartis,,2005-12-13
SWE,787000,,Adenovir Pharma,,2010-06-15
FIN,20708316,2009-01-01,Lifeline Ventures,,2014-04-22
FIN,1000000,,MediSapiens,,2010-06-01
FIN,866000,2004-01-01,Nervogrid,,2010-04-15
SWE,661000,2007-01-01,Absolicon Solar Concentrator,,2010-05-12
SWE,1024250,,24 Media Network,,2009-01-01
SWE,185451,,24 Media Network,,2008-09-01
SWE,1060000,,Illuminate Labs,,2005-04-27
SWE,450000,2010-01-01,Njuice,,2012-05-29
SWE,450000,2010-01-01,Njuice,,2011-04-29
NOR,,2005-01-01,Wirescan,,2014-07-29
NOR,4260000,2005-01-01,Wirescan,,2010-03-15
FIN,3760000,,Confidex,,2010-02-01
NOR,2880000,,Setred,,2010-01-31
NOR,5433244,2007-01-01,Encap,,2015-02-10
NOR,2000000,2007-01-01,Encap,,2013-06-13
NOR,840000,2007-01-01,Encap,,2010-02-04
SWE,679000,,ResQU,,2010-02-24
SWE,413000,2002-01-01,Prifloat,,2010-03-29
SWE,287000,2003-01-01,Collectric,,2010-03-10
SWE,212000,2002-01-01,Visiarc,,2010-03-17
SWE,122000,,Orthocone,,2010-02-19
SWE,1230000,,Repeatit,,2005-06-01
SWE,,2010-01-01,Qubulus,,2012-02-20
SWE,6700000,1994-01-01,Rockwell Collins,,2005-01-11
NOR,4490000,2004-01-01,T-VIPS,,2005-02-23
FIN,12000000,2004-04-01,Canatu,b,2013-03-13
FIN,6414560,2004-04-01,Canatu,a,2010-09-30
FIN,1651520,,Iptune,a,2010-08-23
FIN,34075497,2003-01-01,Rovio Entertainment,,2014-06-06
FIN,42000000,2003-01-01,Rovio Entertainment,a,2011-03-10
FIN,6230000,2001-01-01,Vivoxid,,2005-09-07
FIN,,2010-06-18,Blaast,,2011-11-01
FIN,3700000,2010-06-18,Blaast,,2010-12-31
NOR,3560000,,Ping Communication,,2010-09-02
NOR,,,bMenu,,2010-09-02
FIN,1929900,2010-01-01,HeiaHeia.com,,2014-04-16
NOR,1240000,2004-01-01,Verdande Technology,,2006-11-08
NOR,8000000,2004-01-01,Verdande Technology,,2012-10-17
NOR,6400000,2004-01-01,Verdande Technology,,2010-08-30
FIN,4000000,2008-08-01,Applifier,b,2012-12-13
FIN,2000000,2008-08-01,Applifier,,2011-02-03
FIN,1882200,2000-01-01,FRWD Technologies,a,2005-05-23
SWE,822000,1998-01-01,MWM Media Workflow Management,,2005-11-30
EST,249576,2009-07-09,Sportlyzer,,2012-05-30
EST,,2009-07-09,Sportlyzer,,2011-08-10
EST,257000,2009-07-09,Sportlyzer,,2009-08-07
EST,42542,2010-01-01,IronCurtain Entertainment,,2010-06-01
EST,38896,2010-01-01,IronCurtain Entertainment,,2010-06-01
EST,315380,2006-01-01,Programeter,,2008-04-24
FIN,2000000,2010-01-01,Thinglink,a,2013-08-28
SWE,1794902,,Imsys,a,2005-09-28
NOR,6700000,1994-01-01,Qt Software,b,2005-05-23
SWE,,,MemfoACT,,2010-09-27
NOR,2500000,2008-02-07,CatchTheEye,a,2008-03-08
NOR,100000,2008-02-07,CatchTheEye,,2008-03-03
SWE,2690000,2003-01-01,Tracab,,2005-09-07
SWE,4000000,2005-01-01,Tail-f Systems,b,2011-09-14
SWE,2340000,2005-01-01,Tail-f Systems,a,2005-11-15
NOR,2000000,,Mohive,,2005-07-08
SWE,570966,2010-01-01,Insplorion,,2010-11-01
SWE,10198952,,Oasmia Pharmaceutical,,2010-07-22
EST,10000000,2000-01-01,Nortal AS,B,2013-05-31
EST,8990800,2000-01-01,Nortal AS,,2010-07-20
SWE,,2010-01-01,Speedment,,2010-11-01
SWE,900727,,Bluetest,,2010-11-01
SWE,4500000,,REAC Fuel,b,2010-11-05
FIN,27834000,1968-01-01,Valmet Automotive,,2010-11-08
SWE,278767,,Paperton,,2010-09-13
SWE,2600000,,Exeger Sweden AB,,2010-11-16
SWE,,,Miroi,,2010-11-22
SWE,,2009-09-28,Sprint Bioscience,,2012-10-19
SWE,,2009-09-28,Sprint Bioscience,,2010-11-25
NOR,8067250,,Havgul Clean Energy,,2010-11-28
SWE,,2008-02-01,The Library,,2014-10-12
SWE,472616,2008-02-01,The Library,,2008-02-01
SWE,130000,2008-03-18,iDoc24,,2012-11-01
SWE,155000,2008-03-18,iDoc24,,2013-04-09
NOR,1600000,2009-01-01,farmbuy,,2013-08-26
FIN,9700000,2007-01-01,Valkee,a,2013-06-06
FIN,534400,2007-01-01,Valkee,,2010-12-15
SWE,,,Metrum Sweden,,2010-12-20
FIN,3389536,2010-10-01,MariaDB,B,2015-02-26
FIN,20000000,2010-10-01,MariaDB,B,2013-10-23
FIN,2500000,2010-10-01,MariaDB,a,2012-05-30
FIN,4000000,2010-10-01,MariaDB,a,2012-04-18
FIN,2000000,2010-10-01,MariaDB,,2010-09-27
NOR,,,Havkraft,,2010-12-28
SWE,,,Malwa International,,2010-12-27
NOR,,,Beat.no,,2010-12-27
NOR,,,Cegal,,2010-12-23
NOR,144060,2010-01-01,Greenbird Integration Technology,,2010-01-01
SWE,1500000,2009-01-01,Looklet,,2011-04-01
SWE,9353400,2003-10-13,X5 Group,c,2010-12-31
SWE,2185190,2003-10-13,X5 Group,b,2007-01-01
SWE,905992,2003-10-13,X5 Group,a,2005-01-01
SWE,9249100,2003-10-13,X5 Group,,2011-01-05
NOR,,,Avexxin,,2011-01-10
FIN,11653200,,Beneq,,2011-01-11
SWE,4509112,2007-01-01,Mantex,,2013-06-05
SWE,2985868,2007-01-01,Mantex,,2011-01-17
FIN,1677083,2010-01-22,Zervant,,2015-03-04
FIN,1626065,2010-01-22,Zervant,,2013-06-01
FIN,276675,2010-01-22,Zervant,,2012-02-01
FIN,888420,2010-01-22,Zervant,,2010-03-04
FIN,18503220,,European Batteries,,2011-01-19
SWE,20000000,2000-01-01,InDex Pharmaceuticals,,2014-02-25
SWE,11319064,2000-01-01,InDex Pharmaceuticals,,2011-01-21
FIN,1368100,,Sensinode,,2011-01-26
FIN,3748304,2000-01-01,Nexstim,,2014-12-21
FIN,2871400,2000-01-01,Nexstim,,2011-05-11
FIN,15049100,2000-01-01,Nexstim,,2011-01-26
NOR,5000000,,Smarterphone,b,2011-01-27
NOR,139764,2010-01-01,BrightArch,,2011-02-03
SWE,1541809,,Promimic,,2011-02-10
SWE,55000000,2010-04-01,iZettle,C,2014-07-14
SWE,55000000,2010-04-01,iZettle,C,2014-05-09
SWE,31400000,2010-04-01,iZettle,b,2012-06-15
SWE,15317120,2010-04-01,iZettle,a,2011-10-18
LTU,257320,2009-06-13,ImpressPages,,2013-07-09
SWE,4672932,,Airec,,2011-03-17
SWE,22000000,2010-01-01,BIMA,,2014-04-02
NOR,,,APIM Therapeutics,,2011-11-10
SWE,22725000,,Neonode,,2014-05-19
SWE,4186486,,Neonode,,2009-01-08
SWE,1790000,,Neonode,,2011-05-03
SWE,100000,2010-09-01,Photocollect,,2011-02-01
SWE,1590412,,Aluwave,,2011-03-31
NOR,,,Webstep,,2011-04-12
SWE,60000000,2009-07-01,Truecaller,C,2014-10-08
SWE,18800000,2009-07-01,Truecaller,b,2014-02-06
SWE,1300000,2009-07-01,Truecaller,a,2012-09-18
SWE,,2009-07-01,Truecaller,,2011-12-14
SWE,711645,2012-05-01,Invajo,,2012-01-01
SWE,,2011-03-01,FundedByMe,,2014-09-08
SWE,540000,2011-03-01,FundedByMe,,2014-03-20
SWE,1633620,,Scint-X,,2011-05-05
FIN,288300,2010-09-20,Skyhood,,2011-08-01
FIN,64000,2010-09-20,Skyhood,,2010-09-01
FIN,45958,2010-03-30,MePIN / Meontrust Inc,,2014-09-03
FIN,1300000,2010-03-30,MePIN / Meontrust Inc,,2012-04-01
FIN,450000,2010-03-30,MePIN / Meontrust Inc,,2011-05-01
LIE,7500000,,IDENTEC GROUP,,2011-05-23
LTU,200000,2012-01-01,CGTrader,,2013-02-21
LTU,,2012-01-01,CGTrader,,2014-02-11
SWE,4760000,,Keybroker,,2011-05-23
FIN,,2010-05-01,Supercell,,2010-10-01
FIN,130000000,2010-05-01,Supercell,B,2013-04-18
FIN,12000000,2010-05-01,Supercell,,2011-05-25
SWE,360540,,46elks,,2014-10-02
SWE,125070,,46elks,,2012-08-24
SWE,18679648,,Triventus,,2011-06-03
EST,,2010-07-01,Flirtic.com,,2011-06-09
LTU,20118,2011-04-01,EasyProve,,2012-02-26
SWE,2400000,2010-03-01,FishBrain,,2014-07-08
SWE,150000,2010-03-01,FishBrain,,2013-09-05
FIN,8000000,2010-01-01,Enevo,A,2014-08-28
FIN,340000,2010-01-01,Enevo,,2012-01-17
FIN,2610591,2010-01-01,Enevo,,2013-04-10
SWE,1946361,2007-01-01,Actiwave,,2012-09-07
SWE,2329491,2007-01-01,Actiwave,,2011-06-17
EST,,2011-02-12,PriceTag,,2011-01-01
FIN,,,Mendor,,2013-05-01
FIN,8838286,,Mendor,,2014-07-07
FIN,6047020,,Mendor,,2014-01-08
FIN,11642130,,Mendor,b,2011-06-21
FIN,647865,2009-08-01,Intoloop,,2011-06-22
FIN,339425,2009-08-01,Intoloop,,2010-02-23
SWE,5000000,2010-06-15,Campanja,a,2014-02-13
SWE,,2010-06-15,Campanja,,2012-06-01
SWE,1811764,,H&D Wireless,,2011-06-30
SWE,700000,2010-01-01,13th Lab,,2012-06-15
SWE,15000,2011-05-01,copygram,,2012-06-01
LTU,,,Ygle,,2011-07-11
FIN,140000,2010-08-21,Tribe Studios,,2011-01-10
FIN,270000,2010-08-21,Tribe Studios,,2012-01-10
FIN,100000,2010-08-21,Tribe Studios,,2012-08-29
FIN,140000,2010-08-21,Tribe Studios,,2013-08-29
FIN,300000,2010-11-01,Walkbase,,2013-04-17
FIN,3859800,2010-11-01,Walkbase,a,2013-11-12
FIN,500000,2010-10-01,Plango,,2011-08-10
LTU,,2011-01-01,StartupHighway,,2011-07-01
SWE,1411955,2006-10-01,SEEC AB,,2011-08-18
SWE,627535,,Clipsource,,2011-08-18
FIN,,,Academica,,2011-08-24
SWE,21649500,2003-01-01,Occlutech,,2011-08-24
FIN,2000000,2011-01-01,Transfluent,a,2014-01-28
FIN,1000000,2011-01-01,Transfluent,,2012-09-14
FIN,288300,2011-01-01,Transfluent,,2011-08-01
SWE,1136175,,Antrad Medical,,2011-08-30
FIN,1368070,2011-01-01,Holvi,,2014-05-22
FIN,357699,2011-01-01,Holvi,,2011-08-01
FIN,990356,2011-01-01,Holvi,,2013-01-01
SWE,1582085,2004-04-01,The Local,a,2011-04-01
SWE,493869,2004-04-01,The Local,a,2010-02-01
SWE,1857559,2004-04-01,The Local,,2007-10-01
FIN,7843200,2001-01-01,M-Files,a,2013-04-30
NOR,1000000,2010-03-17,Ocision,,2011-11-01
NOR,500000,2010-03-17,Ocision,,2011-05-01
NOR,100000,2010-03-17,Ocision,,2010-03-01
SWE,1200000,,Ironroad USA,a,2011-09-21
FIN,,,Savosolar,,2011-09-23
SWE,,2010-11-02,SenionLab,,2011-04-12
SWE,,2010-11-02,SenionLab,,2010-11-15
FIN,,,Tamtron,,2011-09-25
SWE,1020965,,Euroling,,2011-10-02
SWE,15000000,2011-05-01,Wrapp,b,2013-06-13
SWE,5000000,2011-05-01,Wrapp,a,2012-01-18
SWE,5500000,2011-05-01,Wrapp,a,2011-11-14
FIN,1678603,2009-12-01,Cabforce,,2015-01-27
FIN,,,Puuilo,,2011-10-06
NOR,,1994-01-01,Dualog,,2011-10-08
SWE,4475888,2006-01-01,Heliospectra,,2011-10-11
SWE,,,XMS Penvision,,2011-10-13
FIN,6203334,2010-01-01,LeadDesk,A,2015-02-27
SWE,,,Oncopeptides,a,2013-05-21
FIN,2120515,2012-03-01,Omegawave,,2013-06-11
FIN,1333522,2012-03-01,Omegawave,,2012-04-01
SWE,740000,2011-06-01,Tripbirds,,2012-03-20
SWE,4011821,2010-01-01,Zaplox,,2014-08-13
SWE,1503668,2010-01-01,Zaplox,,2011-11-01
SWE,,,Vivolux,,2011-11-07
FIN,1000000,,Tinkercad,,2011-11-08
SWE,3000000,2009-01-01,Sticky,b,2013-04-11
SWE,3000000,2009-01-01,Sticky,a,2012-05-14
SWE,6700000,2008-11-01,Lifesum,A,2014-04-14
SWE,14429158,1991-01-01,Pharmalink,c,2013-10-03
SWE,5092768,1991-01-01,Pharmalink,,2012-01-04
LTU,,,Labochema,,2012-01-08
SWE,1000000,2012-05-01,Tictail,,2013-11-01
SWE,8000000,2012-05-01,Tictail,a,2014-02-18
SWE,,2012-05-01,Tictail,,2011-12-01
SWE,1567560,2012-05-01,Tictail,,2012-10-22
FIN,350000,2011-06-01,Playmysong,,2012-01-18
FIN,11000000,2011-01-01,Grand Cru,,2013-07-29
FIN,2000000,2011-01-01,Grand Cru,,2012-01-01
FIN,,2011-01-01,Grand Cru,,2011-05-06
SWE,4094366,,Footway,,2012-01-25
SWE,5000000,2008-01-10,InExchange,,2011-01-01
SWE,700000,2011-11-01,GuidePal,,2014-06-01
SWE,650000,2011-11-01,GuidePal,,2012-06-01
SWE,3600000,2011-11-01,GuidePal,,2009-01-01
FIN,3900000,2010-01-01,Scoopshot,a,2013-11-13
FIN,5937300,2010-01-01,Scoopshot,,2013-01-01
FIN,1200000,2010-01-01,Scoopshot,,2013-07-16
FIN,1302500,2009-09-01,Mobile Backstage,,2012-05-08
NOR,1515251,,Boost Communications,,2014-02-25
NOR,4439820,,Boost Communications,,2012-02-28
FIN,19427954,2002-01-01,AW-Energy,,2014-09-16
FIN,,2002-01-01,AW-Energy,a,2004-01-01
SWE,2000000,2011-01-01,Kivra,,2012-11-09
FIN,3000000,1995-02-21,Bitbar,,2013-04-18
FIN,,1995-02-21,Bitbar,,2012-03-12
NOR,3400000,2011-11-01,Soundrop,b,2013-09-30
NOR,3000000,2011-11-01,Soundrop,a,2012-06-11
NOR,23000000,1995-01-01,Thin Film Electronics ASA,,2013-09-06
NOR,24000000,1995-01-01,Thin Film Electronics ASA,,2013-11-01
FIN,534480,2009-11-15,Savalanche,,2011-01-01
FIN,230496,2009-11-15,Savalanche,,2010-01-01
NOR,6625990,2010-01-01,mCASH,a,2014-02-20
SWE,,1997-01-01,Clavister,,2012-04-16
FIN,330000,2011-09-15,Scoopinion,,2011-09-15
NOR,3500000,2011-06-05,Outracks Technologies,,2014-06-12
NOR,,2011-06-05,Outracks Technologies,,2013-08-26
SWE,1481639,,AnaCatum,,2012-04-30
FIN,131310,2011-01-01,Cuutio Software,,2012-05-02
FIN,3496500,,Arctic Diagnostics,,2012-05-09
SWE,,,CeDe Group,,2012-05-10
FIN,1000000,2011-10-01,Sharetribe,,2014-11-18
FIN,160000,2011-10-01,Sharetribe,,2013-11-07
FIN,40000,2011-10-01,Sharetribe,,2012-02-15
SWE,,,Infrafone,,2012-05-28
SWE,,,OptoNova,,2012-05-28
LTU,380000,2011-01-01,Exacaster,,2012-02-01
LTU,150000,2011-01-01,Exacaster,,2011-04-01
FIN,395546,2012-03-20,Invesdor,,2014-07-08
FIN,282123,2012-03-20,Invesdor,,2013-04-01
FIN,36098,2012-03-20,Invesdor,,2012-03-01
EST,10000,2013-01-15,Brickflow,,2012-09-01
EST,315000,2013-01-15,Brickflow,,2014-01-30
EST,40000,2013-01-15,Brickflow,,2013-03-11
EST,20000,2013-01-15,Brickflow,,2013-02-01
SWE,2300000,2011-11-10,Foap AB,,2014-12-08
SWE,1500000,2011-11-10,Foap AB,,2013-08-07
SWE,526843,2011-11-10,Foap AB,,2012-11-01
SWE,41852,2011-11-10,Foap AB,,2012-05-25
SWE,74959,2011-11-10,Foap AB,,2012-03-27
SWE,72272,2011-11-10,Foap AB,,2012-01-06
SWE,29568,2011-11-10,Foap AB,,2011-12-01
SWE,37591,2011-11-10,Foap AB,,2011-11-01
LTU,200000,2011-09-01,MobilityBee.com,,2014-03-05
LTU,100000,2011-09-01,MobilityBee.com,,2011-09-01
SWE,3746400,2012-06-25,Widespace,a,2012-06-25
LTU,45000,2012-02-10,Pombai,,2012-04-01
LTU,20118,2012-02-10,Pombai,,2012-02-26
FIN,12400000,2011-10-01,Jolla,B,2014-12-11
FIN,,2010-01-01,Cyberlightning Ltd.,A,2014-08-12
EST,700000,2011-10-01,Plumbr,,2015-02-18
EST,1000000,2011-10-01,Plumbr,,2013-11-12
EST,100000,2007-11-01,Edicy,,2008-02-01
NOR,550000,2012-09-01,Listnerd,,2013-08-15
NOR,,2012-09-01,Listnerd,,2014-01-13
NOR,150000,2012-09-01,Listnerd,,2012-08-15
SWE,1049336,,InCoax Network Europe,,2012-08-13
SWE,,2012-03-08,Applika,,2013-02-01
SWE,8000000,2012-03-01,Narrative,A,2014-09-04
SWE,675000,2012-03-01,Narrative,,2012-07-03
SWE,500000,2012-03-01,Narrative,,2014-03-17
SWE,3000000,2012-03-01,Narrative,,2013-10-03
SWE,459585,2011-09-01,Snabboteket,,2013-10-01
SWE,298678,2011-09-01,Snabboteket,,2012-12-01
SWE,85710,2011-09-01,Snabboteket,,2011-09-01
FIN,434038,2012-04-01,Sayduck,,2014-11-24
FIN,500000,2012-04-01,Sayduck,,2013-07-30
FIN,476568,2012-04-01,Sayduck,,2014-01-10
FIN,65000,2012-04-01,Sayduck,,2012-04-01
FIN,66780,2012-04-01,Sayduck,,2012-04-01
FIN,1300000,2009-09-01,Nordic TeleCom,a,2012-12-01
FIN,7094556,,Laurantis Pharma,,2012-09-04
SWE,2000000,2008-04-01,ReformTech Sweden AB,a,2010-05-05
LTU,14242,2012-09-26,PlaceILive.com,,2012-01-01
LTU,264094,2012-09-26,PlaceILive.com,,2013-01-01
SWE,1540733,2009-12-07,Anyfi Networks,,2012-09-12
SWE,1500000,2009-12-07,Anyfi Networks,,2012-09-12
FIN,,2010-10-01,Liilak,,2014-11-20
SWE,,2012-09-01,Promobucket,,2012-11-07
SWE,,2007-01-01,Retevo,a,2013-04-01
FIN,17021128,2007-01-01,ZenRobotics,A,2012-09-18
SWE,3006074,2012-01-01,Qwaya,a,2013-05-22
SWE,1700000,,Detectify,A,2015-03-06
SWE,,2005-01-01,Coolstuff,a,2013-06-01
SWE,2959180,2010-01-01,Crunchfish,,2013-06-04
SWE,2522200,2010-01-01,Crunchfish,,2012-09-01
SWE,715527,2012-05-01,Rentals United AB,,2014-11-10
SWE,267000,2011-01-01,Tunaspot,,2013-06-04
SWE,257320,2011-01-01,Tunaspot,,2013-06-27
SWE,614900,2012-08-01,Eferio,,2012-08-01
FIN,276375,2012-02-08,CBTec,,2014-04-24
SWE,1800000,2006-01-01,Incentive,,2014-05-19
SWE,455925,2006-01-01,Incentive,a,2012-10-01
SWE,4121860,2005-01-01,Hvding,,2014-05-13
SWE,1232200,2012-01-01,Cloudfinder,a,2012-06-01
SWE,179232,2010-01-01,Star Stable Entertainment AB,,2011-03-01
SWE,,2012-05-01,BIlprospekt,,2013-02-01
FIN,2315880,2009-01-01,SingOn,,2014-02-17
SWE,700000,2011-02-01,Helishopter,,2012-07-01
FIN,1523520,2006-01-01,Miradore,b,2012-11-13
FIN,,2011-05-01,Etuma,,2014-02-27
FIN,257320,2012-01-30,Tellyo,,2014-04-03
SWE,,2011-02-01,Virtusize,A,2014-04-22
LTU,,,MoboFree,,2013-01-01
LTU,,,MoboFree,,2014-02-12
SWE,1000000,2012-04-01,Instabridge,,2014-10-15
SWE,,2011-01-01,TopVisible,,2013-06-01
SWE,1745000,2011-01-02,Billogram,A,2014-08-28
SWE,1360000,2011-01-02,Billogram,,2012-06-08
SWE,150000,2011-01-02,Billogram,,2010-09-10
SWE,19000000,2011-09-01,Magine,a,2013-07-03
SWE,1497447,,Avtal24,,2012-12-07
NOR,5300000,2012-01-01,Xeneta,A,2015-02-05
NOR,1640000,2012-01-01,Xeneta,,2014-03-02
NOR,1574280,2012-01-01,Xeneta,,2013-04-11
LTU,,2012-07-01,Dragdis,,2012-01-01
FIN,500000,2012-07-12,Boost My Ads,,2012-06-01
FIN,154392,2011-12-09,Usetrace,,2013-11-19
SWE,1800000,2006-01-01,Starcounter,,2015-01-27
NOR,500000,2012-10-01,Pocketbook,,2013-10-20
SWE,100000,2013-01-02,Sprinkle,,2013-01-02
SWE,150000,2012-02-01,Insportant,,2012-12-01
SWE,0,2011-02-11,Xormis,,2014-08-10
NOR,400000,2012-12-12,ThumbAd,,2013-05-31
NOR,200000,2012-12-12,ThumbAd,,2012-12-28
FIN,2946020,,MetGen,,2013-02-11
FIN,38730,2012-04-01,GTFO Ventures,,2012-09-13
FIN,53356,2012-04-01,GTFO Ventures,,2012-06-20
FIN,59145,2012-04-01,GTFO Ventures,,2012-06-02
SWE,3895881,1999-05-01,Smart Eye,,2013-02-21
SWE,10000000,2005-01-01,Hansoft,A,2014-06-30
NOR,110000,2013-03-01,RelinkLabs,,2014-11-24
NOR,460000,2013-03-01,RelinkLabs,,2014-06-01
NOR,570000,2013-03-01,RelinkLabs,,2013-11-26
SWE,3300000,2000-01-01,NeuroVive Pharmaceutical,,2015-02-12
SWE,28957627,1961-01-01,TitanX Engine Cooling,,2013-03-13
EST,20000,2013-01-01,PromoRepublic,,2014-08-01
EST,60000,2013-01-01,PromoRepublic,,2014-05-15
EST,15000,2013-01-01,PromoRepublic,,2013-12-10
EST,30000,2013-01-01,PromoRepublic,,2013-07-01
EST,20000,2013-01-01,PromoRepublic,,2013-01-10
EST,10000000,2010-01-01,ANF Technology,c,2013-03-27
FIN,1810000,2011-11-01,Tellybean,,2013-05-31
FIN,1800000,2011-11-01,Tellybean,,2013-05-01
FIN,1001372,2011-11-01,Tellybean,,2011-11-01
SWE,1400000,2011-09-01,Barnebys - All Auctions in one place,B,2013-08-01
SWE,1261800,2011-09-01,Barnebys - All Auctions in one place,,2012-06-18
NOR,100000,2013-03-27,Needbox AS,,2013-04-12
LTU,500000,2013-01-01,TRAFI,,2013-10-14
FIN,5500000,2011-01-01,Nosto,A,2014-07-15
FIN,2800000,2011-01-01,Nosto,,2013-04-17
EST,90000,2013-01-01,Weekdone,,2011-03-01
EST,200000,2013-01-01,Weekdone,,2013-11-15
SWE,14000000,,Quinyx AB,,2014-08-15
SWE,150000,2012-07-04,iRezQ,,2013-03-20
EST,25000,2011-01-01,Shaka,,2012-02-01
SWE,6500000,2006-01-01,Axiomatics,,2013-05-07
SWE,3426978,,SelStor,c,2012-02-19
SWE,7162855,,SelStor,b,2011-02-11
SWE,28832170,,SelStor,a,2008-05-07
FIN,5147,2009-01-01,Beibamboo,,2013-05-19
SWE,199469,2012-01-01,Postify,,2013-05-17
SWE,24000000,1989-01-01,Flexenclosure,a,2013-05-29
NOR,500000,2013-04-22,Appsco,,2013-09-01
SWE,182094,2012-08-20,Brisk.io,,2013-06-04
FIN,1600000,2012-01-01,ProtoGeo,,2013-01-01
SWE,2200000,2011-12-01,Goo Technologies,,2015-01-16
SWE,,2011-12-01,Goo Technologies,,2013-08-21
NOR,3600000,2010-01-01,Targovax,a,2013-06-06
LTU,500000,2011-01-01,Adduplex,,2013-06-06
NOR,3500000,2009-01-01,Zwipe,a,2013-12-10
SWE,1821193,2006-01-01,Serstech,b,2013-06-01
LTU,18410,,Akira Mobile,,2012-08-01
SWE,2000000,2009-09-01,Znaptag,,2009-09-01
EST,30000,2013-02-19,GLOG,,2013-02-19
NOR,47050,2013-02-01,Kybernesis,,2013-06-01
NOR,19175,2013-02-01,Kybernesis,,2012-04-01
LTU,257320,2013-03-01,TrackDuck,,2014-03-05
LTU,13000,2013-03-01,TrackDuck,,2013-06-18
NOR,,,Kebony,,2014-10-23
FIN,220006,2010-01-01,Varaani Works,,2013-06-22
EST,20000,2013-03-03,MetricsCat,,2014-09-16
SWE,,2005-06-03,Donya Labs,,2013-06-25
SWE,1000000,2007-01-01,Netrounds,,2013-06-20
NOR,2547000,2007-01-01,Vaccibody,,2012-11-12
NOR,943077,2007-01-01,Vaccibody,,2013-06-26
SWE,300000,2012-12-14,YouPic,,2014-02-07
SWE,150000,2012-12-14,YouPic,,2012-11-01
SWE,144800,2008-01-01,Optisort,,2010-05-10
NOR,264094,2009-01-01,CargoSpotter,,2013-01-01
SWE,1000000,2010-01-01,Cantargia,,2013-07-05
SWE,22261405,,Orexo,B,2003-01-17
SWE,50600000,,Orexo,,2014-08-29
SWE,250000,2013-07-10,Safello,,2014-07-10
SWE,600000,2013-07-10,Safello,,2014-02-17
EST,1739281,2013-05-15,Taxify,,2014-12-18
EST,100000,2013-05-15,Taxify,,2014-04-23
SWE,2059161,2011-06-01,OssDsign AB,,2013-07-15
FIN,312515,2011-01-01,Smarp Oy,,2014-11-04
FIN,260227,2011-01-01,Smarp Oy,,2014-02-16
FIN,116840,2011-01-01,Smarp Oy,,2013-02-08
FIN,338868,2011-01-01,Smarp Oy,,2013-11-27
FIN,129679,2011-01-01,Smarp Oy,,2012-11-30
NOR,661000,2013-01-01,Skylabs,,2013-10-06
SWE,,2011-04-02,Pastry Group,,2012-04-09
SWE,225790,2011-04-02,Pastry Group,,2012-11-01
FIN,1000000,2012-01-01,Rysto,,2013-07-24
SWE,50000,2013-05-09,ALOSKO,,2013-06-12
SWE,4000000,2012-06-01,Tink,A,2014-09-11
SWE,1700000,2013-01-01,Jumpstarter,,2013-09-04
SWE,3000000,2012-08-01,Volumental,,2014-09-11
LTU,200000,2013-04-01,PlateCulture,,2014-09-15
SWE,2600000,2011-01-01,Shoutly,,2012-05-15
FIN,0,2012-11-01,Reaktor POLTE,,2013-02-15
FIN,106000,2013-02-01,Avansera,,2013-02-01
SWE,2959180,2004-01-01,InRiver,,2013-08-13
EST,20395,2011-01-01,TIME PLUS Q,,2013-02-01
SWE,28751437,2008-04-01,Trustly Group,,2014-11-04
SWE,150000,2011-06-20,Apptimate,,2014-07-01
SWE,,2011-06-20,Apptimate,,2014-08-01
SWE,35000,2011-06-20,Apptimate,,2012-12-27
NOR,,2006-01-01,Promon,,2013-08-25
FIN,19615,2012-01-01,NurseBuddy,,2013-02-26
FIN,130000,2012-01-01,NurseBuddy,,2013-08-26
LTU,,2013-01-01,Manodaktaras.lt,,2013-01-01
SWE,308366,1990-01-01,Artimplant AB,,2010-11-09
SWE,231949,1990-01-01,Artimplant AB,,2012-03-28
NOR,,2011-01-01,InflowControl,,2013-08-28
EST,463176,2012-01-01,Fleep,,2014-03-18
EST,334516,2012-01-01,Fleep,,2013-08-29
NOR,1260000,2012-03-07,ConceptoMed,,2015-01-19
NOR,1530000,2012-03-07,ConceptoMed,,2014-08-23
NOR,669577,2012-03-07,ConceptoMed,,2013-02-15
NOR,804000,2012-03-07,ConceptoMed,,2013-05-15
FIN,66070,2012-01-12,Runteq,,2012-05-01
SWE,,2013-01-01,Tasspass,,2013-08-30
SWE,,,Jascha,,2013-09-02
SWE,320000,2012-09-01,Hoodin,,2014-05-01
SWE,155000,2012-09-01,Hoodin,,2013-10-01
FIN,193000,2010-11-01,MyNextRun,,2013-03-15
FIN,235000,2010-11-01,MyNextRun,,2013-11-29
FIN,680000,2010-11-01,MyNextRun,,2014-05-30
SWE,250000,2013-07-01,The Virtual Pulp Company,,2013-07-01
FIN,3900000,2012-04-01,Blueprint Genetics,,2014-09-01
FIN,6947640,2003-01-01,Picosun,,2013-09-21
FIN,780511,2012-06-01,EzyInsights,,2013-06-01
FIN,71683,2011-01-01,Novogenie,,2010-01-01
EST,231588,2011-09-01,Ooolala,,2013-09-30
SWE,,2013-02-01,UserApp,,2014-01-10
NOR,40000,2011-01-01,Tripcover,,2013-11-20
SWE,2392433,2013-01-01,Toborrow,,2014-06-03
LTU,,2013-07-02,Vetiary,,2013-07-01
FIN,,2012-01-01,PulseOn,,2014-08-13
FIN,1286600,2012-01-01,PulseOn,,2013-10-29
FIN,,2012-10-25,Augumenta,,2014-11-17
FIN,650000,2013-01-01,AddSearch,,2013-11-07
NOR,35000,,i4.ms,,2012-12-01
FIN,102824,2013-04-01,Ambronite,,2014-07-03
FIN,13875,2012-12-01,MyKontiki (Elmysluotain Ltd),,2014-03-10
FIN,31187,2012-12-01,MyKontiki (Elmysluotain Ltd),,2012-12-12
EST,600000,2012-09-01,Cloutex,,2014-01-16
FIN,13259,,Cute Attack,,2013-08-01
FIN,344786,2011-01-01,Music Kickup,,2013-10-25
FIN,689493,2011-01-01,Music Kickup,,2011-11-22
EST,13000,2013-01-01,Lingvist,,2013-04-16
EST,70000,2013-01-01,Lingvist,,2013-07-05
EST,1286600,2013-01-01,Lingvist,,2014-04-01
FIN,796139,2012-01-01,Exaget,,2015-02-03
FIN,527571,2012-01-01,Exaget,,2014-08-29
EST,100000,2012-01-01,Like a Local,,2014-03-01
FIN,800000,2009-01-01,Fantastec,,2014-05-15
FIN,578970,2009-01-01,Booxmedia,,2014-03-20
FIN,237912,,netMedi,,2013-09-01
FIN,6000000,2013-01-01,Next Games,a,2014-01-28
FIN,,,Ninchat,,2013-02-15
FIN,250000,2013-09-04,Nintu Oy,,2013-11-13
FIN,1500000,,Oppex,,2014-11-17
FIN,310749,,Oppex,,2012-01-01
FIN,2500000,2011-01-01,Optomeditech,,2014-12-10
FIN,1029280,,Paytrail,,2014-01-23
FIN,2100000,2011-01-01,SkillPixels,,2014-10-07
FIN,4099999,2013-01-01,PlayRaven,A,2014-12-10
FIN,2300000,2013-01-01,PlayRaven,,2014-01-21
FIN,84743,2014-01-01,SoSho,,2014-05-06
FIN,1205335,,Spectral Engines,,2014-06-12
EST,40000,2012-01-01,SportID,,2013-08-23
SWE,6000000,2010-01-01,MAG Interactive,,2013-11-13
FIN,630000,2013-10-17,Yoogaia,,2014-10-06
FIN,850000,2012-01-01,Stylewhile,,2013-08-27
FIN,300000,2012-01-01,Stylewhile,,2012-01-01
FIN,1437685,,Wellmo,,2014-11-18
FIN,1663183,,VividWorks,,2014-09-25
FIN,3602480,2012-01-01,Synoste Oy,,2013-11-14
EST,643300,2012-03-01,VitalFields,,2014-01-07
FIN,750000,,Small Giant Games,,2013-10-18
FIN,3100000,,Small Giant Games,,2014-10-22
NOR,100000,,Glider.io,,2011-05-25
FIN,321650,2012-01-01,Long Play,,2013-11-17
FIN,2573200,2007-01-01,Valopaa,,2013-11-18
SWE,3216500,2010-01-01,TrialBee,,2013-12-05
SWE,21189,2010-01-01,TrialBee,,2011-09-05
FIN,190035,2012-01-01,720,,2014-10-23
SWE,,2011-01-01,Hittahem,,2013-11-22
SWE,146788,2013-01-01,On The Flea,,2013-05-10
EST,19611,2013-03-01,dev9k,,2013-03-01
SWE,1000000,,Doremir Music Research,,2013-12-04
LTU,263605,2011-12-29,Rewalon,,2014-05-05
LTU,203234,2011-12-29,Rewalon,,2013-01-07
LTU,33020,2011-12-29,Rewalon,,2013-09-02
NOR,1000000,,Expert360,,2014-01-13
SWE,153531,2013-03-03,Qnekt,,2013-08-16
SWE,15000000,2013-04-01,KnCMiner,B,2015-02-03
SWE,14000000,2013-04-01,KnCMiner,A,2014-09-04
FIN,81224,2013-10-01,Jolancer,,2014-01-19
FIN,5146400,2009-01-01,Visedo,,2013-12-16
FIN,206517,2013-11-01,ClipMe Oy,,2014-01-01
EST,26121,2013-06-15,Funderbeam,,2013-07-15
EST,135460,2013-06-15,Funderbeam,,2013-10-15
EST,685523,2013-06-15,Funderbeam,,2014-05-15
NOR,12933,2013-12-12,MOON Wearables,,2015-02-02
NOR,4520,2013-12-12,MOON Wearables,,2013-01-27
FIN,7424000,2005-01-01,Eniram,a,2008-02-22
SWE,113831,,Sparta,,2015-02-23
SWE,,2001-01-01,Fltcommunications AB,,2009-03-01
FIN,1259000,2008-01-01,Merus Power Dynamics,a,2012-07-01
FIN,2044050,1972-01-01,Valon Lasers,a,2011-11-01
NOR,2300000,2013-02-01,Your.MD,,2014-07-05
NOR,1000000,2013-02-01,Your.MD,,2013-10-02
NOR,29358,2011-01-01,The 360 Mall,,2013-06-14
SWE,30000,2013-01-01,Dogecoin,,2014-01-20
SWE,10000000,,Ziebel,,2014-01-20
LTU,110000,2013-02-01,SpectroCoin,,2013-08-15
SWE,,2013-07-01,Vint Training,,2014-02-01
SWE,1800000,2013-07-01,Vint Training,,2014-01-27
LTU,6860880,2009-01-01,Vinted,a,2013-01-01
LTU,25732000,2009-01-01,Vinted,b,2014-01-31
NOR,32000,2014-01-02,travayl,,2014-02-07
NOR,26000,2014-01-02,travayl,,2014-09-15
NOR,40000,2014-01-02,travayl,,2014-05-10
NOR,40000,2014-01-02,travayl,,2014-05-16
SWE,2500000,2005-12-01,Smoltek AB,,2013-01-01
SWE,447037,2012-01-01,Youcruit,,2014-02-06
SWE,0,2013-09-10,Swiftcourt,,2014-07-01
EST,20532,2013-10-11,GoWorkaBit,,2014-02-15
FIN,385980,,Innorange Oy,,2014-02-17
SWE,707630,,Skicka Trta,,2014-02-18
SWE,135905,2013-10-01,Keelr,,2013-12-01
FIN,1971750,2011-01-01,TactoTek,,2012-01-27
NOR,,2007-01-01,COZero,,2007-03-01
NOR,,2007-01-01,COZero,B,2012-07-01
NOR,,2007-01-01,COZero,C,2013-08-01
FIN,,2014-01-10,Pint Please,,2014-08-13
FIN,160825,2013-05-24,Venuu,,2014-02-25
SWE,2000000,2007-01-01,JAYS,,2008-01-01
SWE,350000,2013-01-01,Automile,,2014-03-31
FIN,152842,2013-10-15,Videoly,,2014-10-15
SWE,45091,,Night Node Software,,2014-03-03
FIN,2830520,2006-01-01,Mekitec,,2014-03-05
NOR,,,Secure-NOK,,2013-02-21
SWE,,2000-01-01,I-Tech,,2008-12-01
FIN,15000,2011-04-01,Urakkamaailma.fi,,2011-07-08
SWE,2000000,2011-03-01,Nuday Games,,2013-12-01
NOR,40000,,1d4 Pty,,2012-04-11
EST,40000,2012-10-26,'Rock' Your Paper,,2012-08-09
SWE,54894,2013-09-10,VoyageByMe,,2014-01-02
SWE,222882,2012-05-01,Poppermost Productions,,2012-05-01
SWE,464876,2012-05-01,Poppermost Productions,,2013-11-01
SWE,856430,2012-05-01,Poppermost Productions,,2014-09-03
EST,52527,2013-10-28,RentMarket - marketplace for renting things and services,,2014-09-01
EST,22058,2013-10-28,RentMarket - marketplace for renting things and services,,2014-05-10
FIN,1579030,2013-01-01,CreateTrips,,2015-02-27
FIN,600000,2013-01-01,CreateTrips,,2014-06-26
SWE,2200000,2013-01-01,Lookback,,2014-03-27
SWE,500000,2013-05-01,Mentimeter,,2014-06-07
FIN,900620,2014-02-07,Melodigram,,2014-04-01
FIN,600000,2014-01-01,IroFit,,2014-11-11
FIN,137186,2014-01-01,IroFit,,2014-02-13
FIN,81824,2014-01-01,IroFit,,2014-02-13
SWE,1100000,2011-03-01,Appland,,2014-05-29
LTU,273453,2014-02-01,Xylo,,2014-07-01
FIN,,2014-01-01,Keystok,,2014-03-01
EST,1286600,2012-02-01,Startup Wise Guys,,2013-09-16
SWE,215,2014-04-28,BestBoy Keyboard,,2014-04-28
SWE,100000,,Tinitell,,2014-07-09
NOR,25000,2013-12-10,Memkite,,2013-12-10
NOR,50000,2013-12-10,Memkite,,2014-03-31
NOR,25000,2013-12-10,Memkite,,2014-08-05
EST,8000000,1997-01-01,Baltic Ticket Holdings AS,,2013-09-27
SWE,,2013-01-01,Trendlr,,2014-01-01
LTU,,2013-01-01,tokia.lt,,2014-07-17
SWE,150000,2012-01-01,Gastrofy,,2012-05-31
SWE,456000,2012-01-01,Gastrofy,,2014-05-13
SWE,5000000,2010-01-01,Innometrics,A,2014-05-15
FIN,411454,2013-10-01,CosmEthics,,2014-05-14
FIN,8000000,2011-01-01,Beddit,A,2014-09-05
FIN,503472,2011-01-01,Beddit,,2013-10-22
LTU,150000,2013-08-10,KickerPicker.com,,2012-12-30
SWE,5000000,2009-01-01,Epidemic Sound,A,2014-05-19
SWE,1300000,2012-01-01,Qapital,,2014-12-17
SWE,300000,2012-01-01,Qapital,,2013-05-16
SWE,1500000,,Mapillary,,2015-01-15
SWE,10000,,Stellinc Technology AB,,2012-05-26
SWE,20000,,Stellinc Technology AB,,2013-02-26
SWE,25000,2012-03-06,Nordic Design Collective,,2012-12-28
NOR,975609,2013-06-10,Cipio,,2014-01-04
NOR,427631,2013-06-10,Cipio,,2013-07-01
FIN,550000,2013-01-01,Fjuul,,2014-05-11
SWE,40000000,2012-01-01,Wilson Therapeutics,b,2014-04-16
FIN,,2013-09-01,bttn,,2013-01-01
SWE,100000,2014-01-15,Referanza,,2014-05-01
SWE,23303,2014-01-15,Referanza,,2014-01-01
SWE,,,Observe Medical,,2010-09-21
SWE,1331591,2011-02-14,Simris Alg,,2015-01-27
SWE,2112894,2011-02-14,Simris Alg,,2014-01-01
SWE,537634,2011-02-14,Simris Alg,,2013-01-01
SWE,1292352,2011-02-14,Simris Alg,,2012-01-01
SWE,7000000,2008-11-01,Bloglovin,a,2014-04-03
SWE,1000000,2008-11-01,Bloglovin,a,2012-06-29
SWE,,2008-11-01,Bloglovin,,2012-06-08
SWE,,2008-11-01,Bloglovin,,2012-06-08
FIN,3600000,2012-04-13,Boomlagoon,A,2014-05-06
FIN,,2012-04-13,Boomlagoon,,2012-11-27
FIN,626995,2011-11-30,FilmMe,,2011-01-01
FIN,365130,2011-11-30,FilmMe,,2012-01-01
FIN,313497,2011-11-30,FilmMe,,2011-01-01
FIN,900000,2013-01-01,Claned Group,,2013-01-01
FIN,3000000,2013-01-01,Claned Group,,2013-01-01
FIN,3392314,,BioSilta,,2014-06-11
EST,,2010-04-15,Upsteem.com,,2015-02-09
EST,826070,2010-04-15,Upsteem.com,,2014-01-01
EST,,2014-01-01,Hero Card Management AS,,2014-06-01
EST,378615,2014-01-01,Hero Card Management AS,,2014-01-01
SWE,50000,2013-06-01,DigiZmart,,2013-09-02
SWE,,2014-06-16,Universal Avenue,,2014-06-16
SWE,40000000,2011-01-01,Saltside Technologies,C,2015-01-23
SWE,25000000,2011-01-01,Saltside Technologies,,2014-06-19
SWE,0,2014-05-01,Newshubby,,2014-06-25
NOR,49000,2014-02-08,Konjekt,,2014-07-01
SWE,750000,2011-09-01,The African Management Initiative (AMI),,2014-07-02
EST,329188,2014-03-04,Jobbatical,,2014-10-30
LTU,52000,2013-06-01,Contextool,,2014-05-08
SWE,,2007-03-15,Animail,,2011-07-01
SWE,300000,2013-06-12,Havsjo Delikatesser,,2014-01-02
SWE,1000000,1996-06-25,Nordicplan,,2013-12-25
LTU,539800,2012-08-01,WoraPay,,2014-07-23
EST,20352,,IIZI group,,2014-07-21
EST,5227251,2009-01-01,Skeleton Technologies,A,2014-07-31
EST,2821236,2009-01-01,Skeleton Technologies,,2013-04-01
SWE,14000,2013-10-19,Newsreps,,2014-05-22
SWE,37000,2013-10-19,Newsreps,,2014-11-10
SWE,37000,2013-10-19,Newsreps,,2014-01-30
FIN,137104,2012-12-15,Modti,,2014-05-15
SWE,30991,2013-12-09,Trillian Mobile AB,,2014-03-01
SWE,134229,2014-05-01,SelfieJobs,,2014-11-25
FIN,245000,2012-04-15,"Showell - The Simple, Fast and Elegant Tablet Sales App",,2014-04-01
FIN,120000,2012-04-15,"Showell - The Simple, Fast and Elegant Tablet Sales App",,2014-08-01
SWE,155359,2011-01-01,Tipser,,2014-01-01
FIN,410000,2014-06-01,Gizlo,,2015-02-13
FIN,1469331,2011-01-01,NaturVention,,2014-08-19
NOR,,2014-03-07,Kuddle,,2015-01-16
NOR,1235000,2014-03-07,Kuddle,,2014-12-11
NOR,285000,2014-03-07,Kuddle,,2014-09-10
NOR,85000,2014-03-07,Kuddle,,2014-06-18
NOR,420000,2014-03-07,Kuddle,,2014-05-26
FIN,344314,,Klevu Oy,,2014-04-01
FIN,1500000,2012-01-01,MeeDoc,,2014-08-21
LTU,1000000,2003-02-25,DocLogix,,2003-02-25
FIN,80426,2012-02-10,Varaa.com,,2014-08-01
FIN,162127,2012-02-10,Varaa.com,,2014-02-01
FIN,99185,2012-02-10,Varaa.com,,2013-06-10
EST,12273,,Baila Games,,2012-08-01
LTU,20395,,Tiny Lab Productions,,2013-02-01
EST,20395,,X3M Games,,2013-02-01
EST,45958,2009-09-01,Ridango,,2014-09-03
SWE,329500,2012-06-01,AppSpotr,,2014-06-01
NOR,,2011-01-01,Sekal AS,,2013-01-01
SWE,,2014-01-01,reve,,2014-10-13
FIN,,2014-03-05,Charmcastle Entertainment Ltd.,,2013-09-22
FIN,,2014-03-05,Charmcastle Entertainment Ltd.,,2014-09-22
FIN,25000,2014-03-05,Charmcastle Entertainment Ltd.,,2014-06-15
SWE,,2013-01-01,Ztory,,2014-09-23
NOR,28000,2013-01-01,Domos Labs,,2013-11-10
SWE,3500000,2001-01-01,Loxysoft Group,,2014-09-26
LTU,500000,2013-03-18,Avox,,2013-03-01
SWE,120000,2014-06-25,Codarica,,2014-10-14
NOR,821448,2011-06-25,Neptune Software AS,,2013-04-01
EST,15937,2014-02-07,Heelosophy,,2014-04-17
EST,17063,2014-02-07,Heelosophy,,2015-02-13
EST,20080,2014-02-07,Heelosophy,,2014-08-16
FIN,136138,2014-06-01,SportConnect,,2014-01-04
FIN,677115,2011-06-15,Bonusbay,,2013-10-10
FIN,15305146,2013-01-01,Forendo Pharma,A,2014-10-22
FIN,500000,,TrapLight Games,,2014-10-28
SWE,27500000,,Cortendo,,2015-01-13
SWE,11000000,,Cortendo,,2014-10-30
SWE,,2014-01-01,Auxy,,2014-09-19
SWE,5000000,2009-08-01,Fyndiq,,2010-12-01
SWE,20000000,2009-08-01,Fyndiq,,2014-11-07
NOR,700000,2014-01-01,Documaster,,2014-11-01
FIN,0,2014-02-18,Mekiwi Ltd,,2014-11-01
FIN,2674988,,Kyynel,A,2014-08-15
FIN,670220,2014-02-28,Funzi,,2014-08-01
NOR,200000,2013-11-01,Checkd AS,,2015-02-01
NOR,100000,2013-11-01,Checkd AS,,2014-04-30
NOR,12000000,,Novelda AS,A,2014-12-03
NOR,,1997-01-01,Mintra Trainingportal,,2014-12-08
SWE,,2006-01-01,Beactica AB,,2014-12-15
FIN,95409,2012-09-18,Ferus Bestia,,2014-02-09
FIN,550000,,YOU-app,,2015-01-01
NOR,2800000,,Fuse,,2015-01-27
EST,12955,2013-12-10,KK,,2014-09-15
SWE,,,Cryex,,2014-10-01
SWE,,,Userbin,,2014-10-01
FIN,267729,2014-08-12,LiveRing,,2014-08-12
SWE,0,2015-01-08,Nord4Real,,2015-01-30
EST,5075455,2008-03-10,Bondora,A,2015-02-27
EST,1771704,2008-03-10,Bondora,,2013-11-01
EST,57952,2008-03-10,Bondora,,2011-07-01
EST,107475,2008-03-10,Bondora,,2009-08-22
FIN,,1997-01-01,Nanocomp,,2015-01-29
FIN,,,Aquaminerals Finland Oy,,2014-05-06
FIN,,,Aquaminerals Finland Oy,,2014-03-11
FIN,,,Aquaminerals Finland Oy,A,2014-09-04
FIN,,,Aquaminerals Finland Oy,,2014-01-16
FIN,,,NearMe Services Oy,,2014-02-27
FIN,,,Clinical Research Services Turku,,2014-05-28
FIN,,2010-01-01,VRT Finland Oy,,2014-06-19
FIN,,,WellO2,,2014-06-24
FIN,,,CrisolteQ Oy,A,2014-09-02
FIN,,2012-01-01,Intelle Innovations,,2014-11-20
FIN,,,VaasaBall LNG,A,2014-11-20
FIN,,2014-04-07,Cuckoo Workout,,2015-02-09
FIN,137104,2014-04-07,Cuckoo Workout,A,2014-05-15
SWE,3500000,2010-02-01,Sqore,A,2015-02-27
FIN,0,2014-05-12,Innovesi Smart Solutions Oy,,2015-03-01
LTU,,2012-01-01,Llamas' Valley,,2011-01-01
LTU,,2013-01-01,devtodev,,2014-01-01
